filename,label
h0995.png,Healthy
h0996.png,Healthy
h0997.png,Healthy
h0998.png,Healthy
h0999.png,Healthy
h1002.png,Healthy
h1003.png,Healthy
h1004.png,Healthy
h1005.png,Healthy
h1006.png,Healthy
h1007.png,Healthy
h1008.png,Healthy
h1009.png,Healthy
h1010.png,Healthy
h1011.png,Healthy
h1012.png,Healthy
h1013.png,Healthy
h1015.png,Healthy
h1016.png,Healthy
h1017.png,Healthy
h1019.png,Healthy
h1020.png,Healthy
h1022.png,Healthy
h1023.png,Healthy
h1024.png,Healthy
h1025.png,Healthy
h1026.png,Healthy
h1027.png,Healthy
h1028.png,Healthy
h1030.png,Healthy
h1031.png,Healthy
h1032.png,Healthy
h1033.png,Healthy
h1034.png,Healthy
h1035.png,Healthy
h1036.png,Healthy
h1037.png,Healthy
h1038.png,Healthy
h1039.png,Healthy
h1042.png,Healthy
h1044.png,Healthy
h1045.png,Healthy
h1046.png,Healthy
h1047.png,Healthy
h1048.png,Healthy
h1049.png,Healthy
h1050.png,Healthy
h1051.png,Healthy
h1052.png,Healthy
h1053.png,Healthy
h1056.png,Healthy
h1057.png,Healthy
h1058.png,Healthy
h1059.png,Healthy
h1060.png,Healthy
h1061.png,Healthy
h1062.png,Healthy
h1063.png,Healthy
h1064.png,Healthy
h1065.png,Healthy
h1066.png,Healthy
h1068.png,Healthy
h1069.png,Healthy
h1070.png,Healthy
h1072.png,Healthy
h1073.png,Healthy
h1074.png,Healthy
h1075.png,Healthy
h1076.png,Healthy
h1077.png,Healthy
h1078.png,Healthy
h1079.png,Healthy
h1082.png,Healthy
h1083.png,Healthy
h1084.png,Healthy
h1087.png,Healthy
h1088.png,Healthy
h1089.png,Healthy
h1090.png,Healthy
h1091.png,Healthy
h1092.png,Healthy
h1094.png,Healthy
h1095.png,Healthy
h1099.png,Healthy
h1100.png,Healthy
h1101.png,Healthy
h1102.png,Healthy
h1103.png,Healthy
h1104.png,Healthy
h1105.png,Healthy
h1107.png,Healthy
h1111.png,Healthy
h1114.png,Healthy
h1116.png,Healthy
h1117.png,Healthy
h1118.png,Healthy
h1121.png,Healthy
h1122.png,Healthy
h1125.png,Healthy
h1128.png,Healthy
h1129.png,Healthy
h1130.png,Healthy
h1132.png,Healthy
h1133.png,Healthy
h1134.png,Healthy
h1135.png,Healthy
h1136.png,Healthy
h1137.png,Healthy
h1138.png,Healthy
h1139.png,Healthy
h1140.png,Healthy
h1141.png,Healthy
h1143.png,Healthy
h1145.png,Healthy
h1146.png,Healthy
h1147.png,Healthy
h1150.png,Healthy
h1151.png,Healthy
h1152.png,Healthy
h1153.png,Healthy
h1154.png,Healthy
h1155.png,Healthy
h1156.png,Healthy
h1158.png,Healthy
h1159.png,Healthy
h1160.png,Healthy
h1162.png,Healthy
h1164.png,Healthy
h1165.png,Healthy
h1166.png,Healthy
h1169.png,Healthy
h1170.png,Healthy
h1171.png,Healthy
h1172.png,Healthy
h1173.png,Healthy
h1174.png,Healthy
h1175.png,Healthy
h1177.png,Healthy
h1178.png,Healthy
h1181.png,Healthy
h1182.png,Healthy
h1183.png,Healthy
h1184.png,Healthy
h1185.png,Healthy
h1186.png,Healthy
h1187.png,Healthy
h1188.png,Healthy
h1189.png,Healthy
h1191.png,Healthy
h1192.png,Healthy
h1193.png,Healthy
h1194.png,Healthy
h1195.png,Healthy
h1196.png,Healthy
h1198.png,Healthy
h1199.png,Healthy
h1200.png,Healthy
h1202.png,Healthy
h1204.png,Healthy
h1205.png,Healthy
h1207.png,Healthy
h1209.png,Healthy
h1210.png,Healthy
h1211.png,Healthy
h1213.png,Healthy
h1215.png,Healthy
h1217.png,Healthy
h1218.png,Healthy
h1219.png,Healthy
h1220.png,Healthy
h1222.png,Healthy
h1223.png,Healthy
h1224.png,Healthy
h1226.png,Healthy
h1227.png,Healthy
h1229.png,Healthy
h1230.png,Healthy
h1233.png,Healthy
h1234.png,Healthy
h1235.png,Healthy
h1236.png,Healthy
h1237.png,Healthy
h1238.png,Healthy
h1239.png,Healthy
h1240.png,Healthy
h1242.png,Healthy
h1243.png,Healthy
h1244.png,Healthy
h1245.png,Healthy
h1246.png,Healthy
h1247.png,Healthy
h1249.png,Healthy
h1250.png,Healthy
h1251.png,Healthy
h1252.png,Healthy
h1253.png,Healthy
h1254.png,Healthy
h1255.png,Healthy
h1256.png,Healthy
h1257.png,Healthy
h1258.png,Healthy
h1259.png,Healthy
h1260.png,Healthy
h1261.png,Healthy
h1262.png,Healthy
h1263.png,Healthy
h1268.png,Healthy
h1270.png,Healthy
h1272.png,Healthy
h1273.png,Healthy
h1274.png,Healthy
h1279.png,Healthy
h1281.png,Healthy
h1283.png,Healthy
h1284.png,Healthy
h1285.png,Healthy
h1286.png,Healthy
h1288.png,Healthy
h1289.png,Healthy
h1290.png,Healthy
h1291.png,Healthy
h1293.png,Healthy
h1295.png,Healthy
h1296.png,Healthy
h1299.png,Healthy
h1301.png,Healthy
h1302.png,Healthy
h1303.png,Healthy
h1304.png,Healthy
h1305.png,Healthy
h1306.png,Healthy
h1307.png,Healthy
h1308.png,Healthy
h1309.png,Healthy
h1310.png,Healthy
h1313.png,Healthy
h1314.png,Healthy
h1315.png,Healthy
h1317.png,Healthy
h1319.png,Healthy
h1320.png,Healthy
h1322.png,Healthy
h1324.png,Healthy
h1325.png,Healthy
h1326.png,Healthy
h1327.png,Healthy
h1328.png,Healthy
h1331.png,Healthy
h1332.png,Healthy
h1333.png,Healthy
h1334.png,Healthy
h1337.png,Healthy
h1339.png,Healthy
h1340.png,Healthy
h1341.png,Healthy
h1343.png,Healthy
h1344.png,Healthy
h1345.png,Healthy
h1346.png,Healthy
h1348.png,Healthy
h1349.png,Healthy
h1350.png,Healthy
h1351.png,Healthy
h1353.png,Healthy
h1354.png,Healthy
h1355.png,Healthy
h1356.png,Healthy
h1358.png,Healthy
h1359.png,Healthy
h1360.png,Healthy
h1361.png,Healthy
h1362.png,Healthy
h1363.png,Healthy
h1364.png,Healthy
h1365.png,Healthy
h1366.png,Healthy
h1367.png,Healthy
h1368.png,Healthy
h1369.png,Healthy
h1370.png,Healthy
h1371.png,Healthy
h1372.png,Healthy
h1374.png,Healthy
h1377.png,Healthy
h1378.png,Healthy
h1379.png,Healthy
h1380.png,Healthy
h1383.png,Healthy
h1384.png,Healthy
h1385.png,Healthy
h1386.png,Healthy
h1387.png,Healthy
h1389.png,Healthy
h1390.png,Healthy
h1391.png,Healthy
h1392.png,Healthy
h1393.png,Healthy
h1394.png,Healthy
h1395.png,Healthy
h1397.png,Healthy
h1400.png,Healthy
h1401.png,Healthy
h1403.png,Healthy
h1404.png,Healthy
h1405.png,Healthy
h1406.png,Healthy
h1407.png,Healthy
h1408.png,Healthy
h1409.png,Healthy
h1410.png,Healthy
h1414.png,Healthy
h1416.png,Healthy
h1417.png,Healthy
h1418.png,Healthy
h1419.png,Healthy
h1420.png,Healthy
h1422.png,Healthy
h1423.png,Healthy
h1424.png,Healthy
h1426.png,Healthy
h1427.png,Healthy
h1430.png,Healthy
h1432.png,Healthy
h1433.png,Healthy
h1434.png,Healthy
h1435.png,Healthy
h1436.png,Healthy
h1438.png,Healthy
h1439.png,Healthy
h1441.png,Healthy
h1442.png,Healthy
h1443.png,Healthy
h1444.png,Healthy
h1445.png,Healthy
h1446.png,Healthy
h1448.png,Healthy
h1450.png,Healthy
h1451.png,Healthy
h1452.png,Healthy
h1453.png,Healthy
h1454.png,Healthy
h1455.png,Healthy
h1456.png,Healthy
h1457.png,Healthy
h1459.png,Healthy
h1460.png,Healthy
h1461.png,Healthy
h1462.png,Healthy
h1463.png,Healthy
h1465.png,Healthy
h1466.png,Healthy
h1468.png,Healthy
h1469.png,Healthy
h1470.png,Healthy
h1472.png,Healthy
h1473.png,Healthy
h1475.png,Healthy
h1478.png,Healthy
h1479.png,Healthy
h1480.png,Healthy
h1481.png,Healthy
h1483.png,Healthy
h1485.png,Healthy
h1486.png,Healthy
h1488.png,Healthy
h1489.png,Healthy
h1490.png,Healthy
h1492.png,Healthy
h1494.png,Healthy
h1496.png,Healthy
h1497.png,Healthy
h1498.png,Healthy
h1502.png,Healthy
h1503.png,Healthy
h1504.png,Healthy
h1505.png,Healthy
h1506.png,Healthy
h1507.png,Healthy
h1508.png,Healthy
h1509.png,Healthy
h1511.png,Healthy
h1512.png,Healthy
h1514.png,Healthy
h1516.png,Healthy
h1517.png,Healthy
h1518.png,Healthy
h1519.png,Healthy
h1520.png,Healthy
h1521.png,Healthy
h1522.png,Healthy
h1523.png,Healthy
h1524.png,Healthy
h1525.png,Healthy
h1526.png,Healthy
h1528.png,Healthy
h1529.png,Healthy
h1530.png,Healthy
h1531.png,Healthy
h1532.png,Healthy
h1533.png,Healthy
h1534.png,Healthy
h1535.png,Healthy
h1536.png,Healthy
h1537.png,Healthy
h1538.png,Healthy
h1539.png,Healthy
h1540.png,Healthy
h1541.png,Healthy
h1542.png,Healthy
h1544.png,Healthy
h1546.png,Healthy
h1549.png,Healthy
h1550.png,Healthy
h1552.png,Healthy
h1553.png,Healthy
h1554.png,Healthy
h1555.png,Healthy
h1556.png,Healthy
h1557.png,Healthy
h1558.png,Healthy
h1559.png,Healthy
h1560.png,Healthy
h1561.png,Healthy
h1562.png,Healthy
h1563.png,Healthy
h1564.png,Healthy
h1565.png,Healthy
h1567.png,Healthy
h1568.png,Healthy
h1570.png,Healthy
h1571.png,Healthy
h1572.png,Healthy
h1573.png,Healthy
h1574.png,Healthy
h1576.png,Healthy
h1577.png,Healthy
h1578.png,Healthy
h1579.png,Healthy
h1580.png,Healthy
h1581.png,Healthy
h1582.png,Healthy
h1584.png,Healthy
h1585.png,Healthy
h1586.png,Healthy
h1590.png,Healthy
h1592.png,Healthy
h1594.png,Healthy
h1595.png,Healthy
h1597.png,Healthy
h1600.png,Healthy
h1601.png,Healthy
h1602.png,Healthy
h1603.png,Healthy
h1604.png,Healthy
h1605.png,Healthy
h1607.png,Healthy
h1608.png,Healthy
h1609.png,Healthy
h1613.png,Healthy
h1614.png,Healthy
h1615.png,Healthy
h1616.png,Healthy
h1618.png,Healthy
h1620.png,Healthy
h1621.png,Healthy
h1624.png,Healthy
h1625.png,Healthy
h1626.png,Healthy
h1627.png,Healthy
h1628.png,Healthy
h1629.png,Healthy
h1630.png,Healthy
h1631.png,Healthy
h1632.png,Healthy
h1633.png,Healthy
h1634.png,Healthy
h1635.png,Healthy
h1636.png,Healthy
h1637.png,Healthy
h1638.png,Healthy
h1641.png,Healthy
h1642.png,Healthy
h1643.png,Healthy
h1644.png,Healthy
h1645.png,Healthy
h1647.png,Healthy
h1648.png,Healthy
h1649.png,Healthy
h1650.png,Healthy
h1651.png,Healthy
h1652.png,Healthy
h1653.png,Healthy
h1654.png,Healthy
h1656.png,Healthy
h1657.png,Healthy
h1658.png,Healthy
h1659.png,Healthy
h1660.png,Healthy
h1661.png,Healthy
h1662.png,Healthy
h1663.png,Healthy
h1664.png,Healthy
h1665.png,Healthy
h1666.png,Healthy
h1668.png,Healthy
h1669.png,Healthy
h1671.png,Healthy
h1672.png,Healthy
h1673.png,Healthy
h1675.png,Healthy
h1676.png,Healthy
h1677.png,Healthy
h1678.png,Healthy
h1680.png,Healthy
h1681.png,Healthy
h1682.png,Healthy
h1683.png,Healthy
h1684.png,Healthy
h1686.png,Healthy
h1687.png,Healthy
h1688.png,Healthy
h1689.png,Healthy
h1690.png,Healthy
h1691.png,Healthy
h1694.png,Healthy
h1695.png,Healthy
h1697.png,Healthy
h1698.png,Healthy
h1699.png,Healthy
h1701.png,Healthy
h1702.png,Healthy
h1703.png,Healthy
h1704.png,Healthy
h1705.png,Healthy
h1706.png,Healthy
h1707.png,Healthy
h1708.png,Healthy
h1709.png,Healthy
h1710.png,Healthy
h1711.png,Healthy
h1712.png,Healthy
h1713.png,Healthy
h1715.png,Healthy
h1716.png,Healthy
h1717.png,Healthy
h1718.png,Healthy
h1719.png,Healthy
h1720.png,Healthy
h1722.png,Healthy
h1723.png,Healthy
h1726.png,Healthy
h1727.png,Healthy
h1729.png,Healthy
h1730.png,Healthy
h1731.png,Healthy
h1732.png,Healthy
h1733.png,Healthy
h1734.png,Healthy
h1736.png,Healthy
h1739.png,Healthy
h1741.png,Healthy
h1742.png,Healthy
h1743.png,Healthy
h1744.png,Healthy
h1746.png,Healthy
h1747.png,Healthy
h1751.png,Healthy
h1752.png,Healthy
h1753.png,Healthy
h1754.png,Healthy
h1755.png,Healthy
h1756.png,Healthy
h1758.png,Healthy
h1759.png,Healthy
h1760.png,Healthy
h1761.png,Healthy
h1763.png,Healthy
h1764.png,Healthy
h1766.png,Healthy
h1767.png,Healthy
h1768.png,Healthy
h1769.png,Healthy
h1770.png,Healthy
h1771.png,Healthy
h1772.png,Healthy
h1773.png,Healthy
h1774.png,Healthy
h1775.png,Healthy
h1778.png,Healthy
h1779.png,Healthy
h1781.png,Healthy
h1782.png,Healthy
h1783.png,Healthy
h1784.png,Healthy
h1786.png,Healthy
h1787.png,Healthy
h1789.png,Healthy
h1790.png,Healthy
h1791.png,Healthy
h1792.png,Healthy
h1793.png,Healthy
h1794.png,Healthy
h1795.png,Healthy
h1798.png,Healthy
h1799.png,Healthy
h1800.png,Healthy
h1801.png,Healthy
h1802.png,Healthy
h1803.png,Healthy
h1804.png,Healthy
h1805.png,Healthy
h1807.png,Healthy
h1809.png,Healthy
h1810.png,Healthy
h1811.png,Healthy
h1813.png,Healthy
h1814.png,Healthy
h1815.png,Healthy
h1816.png,Healthy
h1818.png,Healthy
h1819.png,Healthy
h1820.png,Healthy
h1821.png,Healthy
h1822.png,Healthy
h1823.png,Healthy
h1824.png,Healthy
h1826.png,Healthy
h1827.png,Healthy
h1828.png,Healthy
h1829.png,Healthy
h1831.png,Healthy
h1832.png,Healthy
h1833.png,Healthy
h1834.png,Healthy
h1835.png,Healthy
h1837.png,Healthy
h1840.png,Healthy
h1841.png,Healthy
h1842.png,Healthy
h1843.png,Healthy
h1844.png,Healthy
h1845.png,Healthy
h1846.png,Healthy
h1847.png,Healthy
h1848.png,Healthy
h1849.png,Healthy
h1850.png,Healthy
h1851.png,Healthy
h1852.png,Healthy
h1854.png,Healthy
h1855.png,Healthy
h1856.png,Healthy
h1857.png,Healthy
h1858.png,Healthy
h1859.png,Healthy
h1862.png,Healthy
h1863.png,Healthy
h1864.png,Healthy
h1866.png,Healthy
h1868.png,Healthy
h1869.png,Healthy
h1870.png,Healthy
h1871.png,Healthy
h1874.png,Healthy
h1875.png,Healthy
h1876.png,Healthy
h1877.png,Healthy
h1878.png,Healthy
h1879.png,Healthy
h1880.png,Healthy
h1881.png,Healthy
h1882.png,Healthy
h1883.png,Healthy
h1884.png,Healthy
h1885.png,Healthy
h1886.png,Healthy
h1887.png,Healthy
h1888.png,Healthy
h1889.png,Healthy
h1891.png,Healthy
h1892.png,Healthy
h1893.png,Healthy
h1894.png,Healthy
h1895.png,Healthy
h1898.png,Healthy
h1899.png,Healthy
h1902.png,Healthy
h1903.png,Healthy
h1906.png,Healthy
h1907.png,Healthy
h1908.png,Healthy
h1910.png,Healthy
h1912.png,Healthy
h1913.png,Healthy
h1914.png,Healthy
h1915.png,Healthy
h1916.png,Healthy
h1917.png,Healthy
h1918.png,Healthy
h1919.png,Healthy
h1920.png,Healthy
h1923.png,Healthy
h1924.png,Healthy
h1925.png,Healthy
h1926.png,Healthy
h1928.png,Healthy
h1929.png,Healthy
h1930.png,Healthy
h1931.png,Healthy
h1932.png,Healthy
h1933.png,Healthy
h1934.png,Healthy
h1935.png,Healthy
h1937.png,Healthy
h1938.png,Healthy
h1940.png,Healthy
h1942.png,Healthy
h1944.png,Healthy
h1945.png,Healthy
h1949.png,Healthy
h1950.png,Healthy
h1951.png,Healthy
h1953.png,Healthy
h1954.png,Healthy
h1955.png,Healthy
h1956.png,Healthy
h1958.png,Healthy
h1959.png,Healthy
h1960.png,Healthy
h1961.png,Healthy
h1962.png,Healthy
h1963.png,Healthy
h1964.png,Healthy
h1966.png,Healthy
h1967.png,Healthy
h1968.png,Healthy
h1969.png,Healthy
h1970.png,Healthy
h1971.png,Healthy
h1972.png,Healthy
h1973.png,Healthy
h1974.png,Healthy
h1975.png,Healthy
h1976.png,Healthy
h1978.png,Healthy
h1979.png,Healthy
h1980.png,Healthy
h1981.png,Healthy
h1982.png,Healthy
h1984.png,Healthy
h1985.png,Healthy
h1986.png,Healthy
h1987.png,Healthy
h1988.png,Healthy
h1989.png,Healthy
h1990.png,Healthy
h1991.png,Healthy
h1992.png,Healthy
h1993.png,Healthy
h1996.png,Healthy
h1997.png,Healthy
h2000.png,Healthy
h2003.png,Healthy
h2004.png,Healthy
h2006.png,Healthy
h2007.png,Healthy
h2008.png,Healthy
h2009.png,Healthy
h2010.png,Healthy
h2011.png,Healthy
h2013.png,Healthy
h2014.png,Healthy
h2015.png,Healthy
h2019.png,Healthy
h2020.png,Healthy
h2022.png,Healthy
h2023.png,Healthy
h2024.png,Healthy
h2025.png,Healthy
h2026.png,Healthy
h2027.png,Healthy
h2028.png,Healthy
h2029.png,Healthy
h2030.png,Healthy
h2032.png,Healthy
h2035.png,Healthy
h2038.png,Healthy
h2040.png,Healthy
h2041.png,Healthy
h2042.png,Healthy
h2043.png,Healthy
h2044.png,Healthy
h2045.png,Healthy
h2046.png,Healthy
h2047.png,Healthy
h2048.png,Healthy
h2049.png,Healthy
h2050.png,Healthy
h2051.png,Healthy
h2052.png,Healthy
h2055.png,Healthy
h2057.png,Healthy
h2058.png,Healthy
h2059.png,Healthy
h2062.png,Healthy
h2063.png,Healthy
h2064.png,Healthy
h2065.png,Healthy
h2066.png,Healthy
h2067.png,Healthy
h2068.png,Healthy
h2069.png,Healthy
h2070.png,Healthy
h2071.png,Healthy
h2074.png,Healthy
h2075.png,Healthy
h2076.png,Healthy
h2079.png,Healthy
h2081.png,Healthy
h2082.png,Healthy
h2083.png,Healthy
h2084.png,Healthy
h2086.png,Healthy
h2087.png,Healthy
h2089.png,Healthy
h2090.png,Healthy
h2091.png,Healthy
h2092.png,Healthy
h2093.png,Healthy
h2094.png,Healthy
h2095.png,Healthy
h2096.png,Healthy
h2097.png,Healthy
h2098.png,Healthy
h2099.png,Healthy
h2100.png,Healthy
h2101.png,Healthy
h2104.png,Healthy
h2105.png,Healthy
h2107.png,Healthy
h2108.png,Healthy
h2109.png,Healthy
h2110.png,Healthy
h2112.png,Healthy
h2113.png,Healthy
h2114.png,Healthy
h2115.png,Healthy
h2116.png,Healthy
h2117.png,Healthy
h2118.png,Healthy
h2119.png,Healthy
h2120.png,Healthy
h2121.png,Healthy
h2122.png,Healthy
h2123.png,Healthy
h2124.png,Healthy
h2125.png,Healthy
h2126.png,Healthy
h2128.png,Healthy
h2129.png,Healthy
h2130.png,Healthy
h2132.png,Healthy
h2133.png,Healthy
h2134.png,Healthy
h2135.png,Healthy
h2138.png,Healthy
h2140.png,Healthy
h2144.png,Healthy
h2145.png,Healthy
h2146.png,Healthy
h2147.png,Healthy
h2148.png,Healthy
h2150.png,Healthy
h2153.png,Healthy
h2157.png,Healthy
h2158.png,Healthy
h2159.png,Healthy
h2160.png,Healthy
h2161.png,Healthy
h2162.png,Healthy
h2163.png,Healthy
h2164.png,Healthy
h2165.png,Healthy
h2166.png,Healthy
h2167.png,Healthy
h2168.png,Healthy
h2170.png,Healthy
h2171.png,Healthy
h2172.png,Healthy
h2173.png,Healthy
h2174.png,Healthy
h2175.png,Healthy
h2176.png,Healthy
h2177.png,Healthy
h2178.png,Healthy
h2179.png,Healthy
h2180.png,Healthy
h2181.png,Healthy
h2182.png,Healthy
h2183.png,Healthy
h2185.png,Healthy
h2186.png,Healthy
h2188.png,Healthy
h2190.png,Healthy
h2191.png,Healthy
h2192.png,Healthy
h2193.png,Healthy
h2194.png,Healthy
h2195.png,Healthy
h2196.png,Healthy
h2198.png,Healthy
h2199.png,Healthy
h2200.png,Healthy
h2201.png,Healthy
h2202.png,Healthy
h2203.png,Healthy
h2204.png,Healthy
h2206.png,Healthy
h2207.png,Healthy
h2208.png,Healthy
h2209.png,Healthy
h2211.png,Healthy
h2212.png,Healthy
h2213.png,Healthy
h2214.png,Healthy
h2215.png,Healthy
h2216.png,Healthy
h2217.png,Healthy
h2218.png,Healthy
h2219.png,Healthy
h2220.png,Healthy
h2221.png,Healthy
h2223.png,Healthy
h2224.png,Healthy
h2225.png,Healthy
h2226.png,Healthy
h2227.png,Healthy
h2228.png,Healthy
h2229.png,Healthy
h2230.png,Healthy
h2235.png,Healthy
h2237.png,Healthy
h2238.png,Healthy
h2239.png,Healthy
h2241.png,Healthy
h2242.png,Healthy
h2243.png,Healthy
h2246.png,Healthy
h2247.png,Healthy
h2248.png,Healthy
h2250.png,Healthy
h2251.png,Healthy
h2252.png,Healthy
h2253.png,Healthy
h2254.png,Healthy
h2255.png,Healthy
h2257.png,Healthy
h2259.png,Healthy
h2261.png,Healthy
h2263.png,Healthy
h2264.png,Healthy
h2265.png,Healthy
h2268.png,Healthy
h2269.png,Healthy
h2271.png,Healthy
h2272.png,Healthy
h2274.png,Healthy
h2275.png,Healthy
h2276.png,Healthy
h2277.png,Healthy
h2278.png,Healthy
h2282.png,Healthy
h2283.png,Healthy
h2286.png,Healthy
h2287.png,Healthy
h2288.png,Healthy
h2289.png,Healthy
h2290.png,Healthy
h2291.png,Healthy
h2293.png,Healthy
h2294.png,Healthy
h2295.png,Healthy
h2296.png,Healthy
h2297.png,Healthy
h2299.png,Healthy
h2300.png,Healthy
h2301.png,Healthy
h2302.png,Healthy
h2303.png,Healthy
h2304.png,Healthy
h2306.png,Healthy
h2307.png,Healthy
h2309.png,Healthy
h2310.png,Healthy
h2311.png,Healthy
h2312.png,Healthy
h2313.png,Healthy
h2314.png,Healthy
h2315.png,Healthy
h2316.png,Healthy
h2317.png,Healthy
h2320.png,Healthy
h2322.png,Healthy
h2323.png,Healthy
h2324.png,Healthy
h2325.png,Healthy
h2327.png,Healthy
h2328.png,Healthy
h2331.png,Healthy
h2332.png,Healthy
h2334.png,Healthy
h2335.png,Healthy
h2339.png,Healthy
h2342.png,Healthy
h2344.png,Healthy
h2345.png,Healthy
h2346.png,Healthy
h2347.png,Healthy
h2348.png,Healthy
h2349.png,Healthy
h2350.png,Healthy
h2353.png,Healthy
h2354.png,Healthy
h2356.png,Healthy
h2357.png,Healthy
h2358.png,Healthy
h2359.png,Healthy
h2360.png,Healthy
h2361.png,Healthy
h2362.png,Healthy
h2363.png,Healthy
h2364.png,Healthy
h2366.png,Healthy
h2367.png,Healthy
h2368.png,Healthy
h2369.png,Healthy
h2370.png,Healthy
h2371.png,Healthy
h2376.png,Healthy
h2377.png,Healthy
h2378.png,Healthy
h2379.png,Healthy
h2380.png,Healthy
h2381.png,Healthy
h2383.png,Healthy
h2384.png,Healthy
h2385.png,Healthy
h2387.png,Healthy
h2388.png,Healthy
h2389.png,Healthy
h2390.png,Healthy
h2391.png,Healthy
h2392.png,Healthy
h2393.png,Healthy
h2394.png,Healthy
h2395.png,Healthy
h2396.png,Healthy
h2397.png,Healthy
h2398.png,Healthy
h2399.png,Healthy
h2400.png,Healthy
h2401.png,Healthy
h2403.png,Healthy
h2404.png,Healthy
h2405.png,Healthy
h2406.png,Healthy
h2407.png,Healthy
h2408.png,Healthy
h2409.png,Healthy
h2411.png,Healthy
h2412.png,Healthy
h2413.png,Healthy
h2415.png,Healthy
h2417.png,Healthy
h2420.png,Healthy
h2421.png,Healthy
h2423.png,Healthy
h2424.png,Healthy
h2425.png,Healthy
h2426.png,Healthy
h2427.png,Healthy
h2428.png,Healthy
h2430.png,Healthy
h2431.png,Healthy
h2432.png,Healthy
h2433.png,Healthy
h2434.png,Healthy
h2435.png,Healthy
h2436.png,Healthy
h2438.png,Healthy
h2439.png,Healthy
h2441.png,Healthy
h2442.png,Healthy
h2443.png,Healthy
h2444.png,Healthy
h2445.png,Healthy
h2446.png,Healthy
h2447.png,Healthy
h2448.png,Healthy
h2449.png,Healthy
h2450.png,Healthy
h2451.png,Healthy
h2454.png,Healthy
h2455.png,Healthy
h2456.png,Healthy
h2457.png,Healthy
h2458.png,Healthy
h2459.png,Healthy
h2460.png,Healthy
h2463.png,Healthy
h2464.png,Healthy
h2466.png,Healthy
h2467.png,Healthy
h2468.png,Healthy
h2469.png,Healthy
h2471.png,Healthy
h2472.png,Healthy
h2474.png,Healthy
h2475.png,Healthy
h2476.png,Healthy
h2477.png,Healthy
h2479.png,Healthy
h2480.png,Healthy
h2481.png,Healthy
h2482.png,Healthy
h2483.png,Healthy
h2484.png,Healthy
h2485.png,Healthy
h2487.png,Healthy
h2488.png,Healthy
h2489.png,Healthy
h2490.png,Healthy
h2491.png,Healthy
h2492.png,Healthy
h2493.png,Healthy
h2494.png,Healthy
h2495.png,Healthy
h2496.png,Healthy
h2497.png,Healthy
h2498.png,Healthy
h2499.png,Healthy
h2500.png,Healthy
h2501.png,Healthy
h2502.png,Healthy
h2503.png,Healthy
h2504.png,Healthy
h2505.png,Healthy
h2506.png,Healthy
h2508.png,Healthy
h2510.png,Healthy
h2512.png,Healthy
h2514.png,Healthy
h2518.png,Healthy
h2519.png,Healthy
h2520.png,Healthy
h2521.png,Healthy
h2522.png,Healthy
h2523.png,Healthy
h2524.png,Healthy
h2525.png,Healthy
h2526.png,Healthy
h2529.png,Healthy
h2530.png,Healthy
h2531.png,Healthy
h2532.png,Healthy
h2533.png,Healthy
h2534.png,Healthy
h2535.png,Healthy
h2536.png,Healthy
h2537.png,Healthy
h2538.png,Healthy
h2540.png,Healthy
h2541.png,Healthy
h2542.png,Healthy
h2543.png,Healthy
h2544.png,Healthy
h2545.png,Healthy
h2547.png,Healthy
h2549.png,Healthy
h2552.png,Healthy
h2555.png,Healthy
h2556.png,Healthy
h2557.png,Healthy
h2560.png,Healthy
h2561.png,Healthy
h2563.png,Healthy
h2565.png,Healthy
h2566.png,Healthy
h2567.png,Healthy
h2568.png,Healthy
h2569.png,Healthy
h2570.png,Healthy
h2572.png,Healthy
h2573.png,Healthy
h2574.png,Healthy
h2577.png,Healthy
h2579.png,Healthy
h2580.png,Healthy
h2581.png,Healthy
h2582.png,Healthy
h2583.png,Healthy
h2586.png,Healthy
h2588.png,Healthy
h2589.png,Healthy
h2590.png,Healthy
h2592.png,Healthy
h2593.png,Healthy
h2594.png,Healthy
h2595.png,Healthy
h2596.png,Healthy
h2597.png,Healthy
h2598.png,Healthy
h2599.png,Healthy
h2600.png,Healthy
h2601.png,Healthy
h2602.png,Healthy
h2604.png,Healthy
h2605.png,Healthy
h2606.png,Healthy
h2608.png,Healthy
h2610.png,Healthy
h2611.png,Healthy
h2612.png,Healthy
h2614.png,Healthy
h2615.png,Healthy
h2616.png,Healthy
h2617.png,Healthy
h2618.png,Healthy
h2619.png,Healthy
h2621.png,Healthy
h2622.png,Healthy
h2623.png,Healthy
h2624.png,Healthy
h2625.png,Healthy
h2626.png,Healthy
h2627.png,Healthy
h2628.png,Healthy
h2629.png,Healthy
h2630.png,Healthy
h2633.png,Healthy
h2634.png,Healthy
h2637.png,Healthy
h2638.png,Healthy
h2639.png,Healthy
h2640.png,Healthy
h2642.png,Healthy
h2643.png,Healthy
h2644.png,Healthy
h2645.png,Healthy
h2646.png,Healthy
h2647.png,Healthy
h2648.png,Healthy
h2649.png,Healthy
h2650.png,Healthy
h2651.png,Healthy
h2654.png,Healthy
h2655.png,Healthy
h2656.png,Healthy
h2657.png,Healthy
h2659.png,Healthy
h2660.png,Healthy
h2661.png,Healthy
h2662.png,Healthy
h2663.png,Healthy
h2665.png,Healthy
h2667.png,Healthy
h2668.png,Healthy
h2669.png,Healthy
h2671.png,Healthy
h2673.png,Healthy
h2675.png,Healthy
h2676.png,Healthy
h2678.png,Healthy
h2679.png,Healthy
h2681.png,Healthy
h2682.png,Healthy
h2683.png,Healthy
h2684.png,Healthy
h2685.png,Healthy
h2687.png,Healthy
h2688.png,Healthy
h2689.png,Healthy
h2691.png,Healthy
h2692.png,Healthy
h2693.png,Healthy
h2694.png,Healthy
h2697.png,Healthy
h2698.png,Healthy
h2700.png,Healthy
h2701.png,Healthy
h2702.png,Healthy
h2705.png,Healthy
h2707.png,Healthy
h2708.png,Healthy
h2709.png,Healthy
h2710.png,Healthy
h2712.png,Healthy
h2714.png,Healthy
h2715.png,Healthy
h2716.png,Healthy
h2719.png,Healthy
h2721.png,Healthy
h2722.png,Healthy
h2723.png,Healthy
h2726.png,Healthy
h2728.png,Healthy
h2729.png,Healthy
h2731.png,Healthy
h2732.png,Healthy
h2733.png,Healthy
h2734.png,Healthy
h2735.png,Healthy
h2736.png,Healthy
h2738.png,Healthy
h2739.png,Healthy
h2740.png,Healthy
h2741.png,Healthy
h2742.png,Healthy
h2743.png,Healthy
h2744.png,Healthy
h2746.png,Healthy
h2747.png,Healthy
h2748.png,Healthy
h2749.png,Healthy
h2750.png,Healthy
h2751.png,Healthy
h2752.png,Healthy
h2754.png,Healthy
h2755.png,Healthy
h2756.png,Healthy
h2758.png,Healthy
h2762.png,Healthy
h2763.png,Healthy
h2764.png,Healthy
h2765.png,Healthy
h2766.png,Healthy
h2767.png,Healthy
h2768.png,Healthy
h2769.png,Healthy
h2771.png,Healthy
h2772.png,Healthy
h2773.png,Healthy
h2774.png,Healthy
h2775.png,Healthy
h2776.png,Healthy
h2777.png,Healthy
h2778.png,Healthy
h2779.png,Healthy
h2780.png,Healthy
h2781.png,Healthy
h2783.png,Healthy
h2785.png,Healthy
h2786.png,Healthy
h2788.png,Healthy
h2791.png,Healthy
h2792.png,Healthy
h2793.png,Healthy
h2795.png,Healthy
h2797.png,Healthy
h2799.png,Healthy
h2800.png,Healthy
h2801.png,Healthy
h2804.png,Healthy
h2805.png,Healthy
h2808.png,Healthy
h2814.png,Healthy
h2815.png,Healthy
h2817.png,Healthy
h2818.png,Healthy
h2819.png,Healthy
h2821.png,Healthy
h2823.png,Healthy
h2824.png,Healthy
h2825.png,Healthy
h2827.png,Healthy
h2828.png,Healthy
h2829.png,Healthy
h2830.png,Healthy
h2831.png,Healthy
h2832.png,Healthy
h2833.png,Healthy
h2834.png,Healthy
h2836.png,Healthy
h2837.png,Healthy
h2839.png,Healthy
h2840.png,Healthy
h2841.png,Healthy
h2842.png,Healthy
h2845.png,Healthy
h2846.png,Healthy
h2847.png,Healthy
h2848.png,Healthy
h2849.png,Healthy
h2850.png,Healthy
h2852.png,Healthy
h2853.png,Healthy
h2855.png,Healthy
h2856.png,Healthy
h2857.png,Healthy
h2859.png,Healthy
h2861.png,Healthy
h2862.png,Healthy
h2864.png,Healthy
h2865.png,Healthy
h2866.png,Healthy
h2867.png,Healthy
h2870.png,Healthy
h2871.png,Healthy
h2872.png,Healthy
h2873.png,Healthy
h2874.png,Healthy
h2876.png,Healthy
h2877.png,Healthy
h2878.png,Healthy
h2879.png,Healthy
h2880.png,Healthy
h2881.png,Healthy
h2882.png,Healthy
h2883.png,Healthy
h2884.png,Healthy
h2885.png,Healthy
h2886.png,Healthy
h2888.png,Healthy
h2889.png,Healthy
h2890.png,Healthy
h2892.png,Healthy
h2894.png,Healthy
h2895.png,Healthy
h2897.png,Healthy
h2898.png,Healthy
h2900.png,Healthy
h2901.png,Healthy
h2902.png,Healthy
h2903.png,Healthy
h2904.png,Healthy
h2905.png,Healthy
h2907.png,Healthy
h2908.png,Healthy
h2910.png,Healthy
h2911.png,Healthy
h2912.png,Healthy
h2913.png,Healthy
h2914.png,Healthy
h2915.png,Healthy
h2916.png,Healthy
h2919.png,Healthy
h2920.png,Healthy
h2922.png,Healthy
h2923.png,Healthy
h2925.png,Healthy
h2926.png,Healthy
h2927.png,Healthy
h2928.png,Healthy
h2929.png,Healthy
h2931.png,Healthy
h2934.png,Healthy
h2935.png,Healthy
h2936.png,Healthy
h2938.png,Healthy
h2940.png,Healthy
h2942.png,Healthy
h2943.png,Healthy
h2945.png,Healthy
h2946.png,Healthy
h2947.png,Healthy
h2949.png,Healthy
h2952.png,Healthy
h2953.png,Healthy
h2954.png,Healthy
h2957.png,Healthy
h2958.png,Healthy
h2959.png,Healthy
h2960.png,Healthy
h2962.png,Healthy
h2963.png,Healthy
h2965.png,Healthy
h2968.png,Healthy
h2970.png,Healthy
h2972.png,Healthy
h2973.png,Healthy
h2974.png,Healthy
h2975.png,Healthy
h2976.png,Healthy
h2977.png,Healthy
h2978.png,Healthy
h2979.png,Healthy
h2980.png,Healthy
h2981.png,Healthy
h2982.png,Healthy
h2984.png,Healthy
h2985.png,Healthy
h2987.png,Healthy
h2988.png,Healthy
h2989.png,Healthy
h2990.png,Healthy
h2991.png,Healthy
h2992.png,Healthy
h2993.png,Healthy
h2994.png,Healthy
h2995.png,Healthy
h2997.png,Healthy
h2998.png,Healthy
h2999.png,Healthy
h3000.png,Healthy
h3001.png,Healthy
h3003.png,Healthy
h3004.png,Healthy
h3005.png,Healthy
h3006.png,Healthy
h3007.png,Healthy
h3010.png,Healthy
h3011.png,Healthy
h3012.png,Healthy
h3013.png,Healthy
h3014.png,Healthy
h3016.png,Healthy
h3017.png,Healthy
h3019.png,Healthy
h3020.png,Healthy
h3021.png,Healthy
h3022.png,Healthy
h3023.png,Healthy
h3024.png,Healthy
h3025.png,Healthy
h3026.png,Healthy
h3027.png,Healthy
h3028.png,Healthy
h3029.png,Healthy
h3030.png,Healthy
h3031.png,Healthy
h3032.png,Healthy
h3034.png,Healthy
h3035.png,Healthy
h3036.png,Healthy
h3037.png,Healthy
h3038.png,Healthy
h3039.png,Healthy
h3040.png,Healthy
h3042.png,Healthy
h3045.png,Healthy
h3046.png,Healthy
h3047.png,Healthy
h3048.png,Healthy
h3049.png,Healthy
h3050.png,Healthy
h3052.png,Healthy
h3054.png,Healthy
h3055.png,Healthy
h3057.png,Healthy
h3058.png,Healthy
h3059.png,Healthy
h3061.png,Healthy
h3062.png,Healthy
h3063.png,Healthy
h3064.png,Healthy
h3065.png,Healthy
h3066.png,Healthy
h3067.png,Healthy
h3068.png,Healthy
h3069.png,Healthy
h3070.png,Healthy
h3071.png,Healthy
h3072.png,Healthy
h3074.png,Healthy
h3076.png,Healthy
h3077.png,Healthy
h3079.png,Healthy
h3080.png,Healthy
h3081.png,Healthy
h3082.png,Healthy
h3083.png,Healthy
h3084.png,Healthy
h3085.png,Healthy
h3086.png,Healthy
h3087.png,Healthy
h3088.png,Healthy
h3089.png,Healthy
h3090.png,Healthy
h3091.png,Healthy
h3092.png,Healthy
h3093.png,Healthy
h3095.png,Healthy
h3096.png,Healthy
h3099.png,Healthy
h3100.png,Healthy
h3101.png,Healthy
h3102.png,Healthy
h3103.png,Healthy
h3104.png,Healthy
h3106.png,Healthy
h3107.png,Healthy
h3108.png,Healthy
h3109.png,Healthy
h3110.png,Healthy
h3111.png,Healthy
h3112.png,Healthy
h3113.png,Healthy
h3114.png,Healthy
h3115.png,Healthy
h3116.png,Healthy
h3117.png,Healthy
h3120.png,Healthy
h3123.png,Healthy
h3126.png,Healthy
h3127.png,Healthy
h3131.png,Healthy
h3132.png,Healthy
h3133.png,Healthy
h3134.png,Healthy
h3135.png,Healthy
h3137.png,Healthy
h3140.png,Healthy
h3141.png,Healthy
h3143.png,Healthy
h3144.png,Healthy
h3145.png,Healthy
h3146.png,Healthy
h3147.png,Healthy
h3148.png,Healthy
h3149.png,Healthy
h3150.png,Healthy
h3151.png,Healthy
h3152.png,Healthy
h3154.png,Healthy
h3155.png,Healthy
h3156.png,Healthy
h3157.png,Healthy
h3158.png,Healthy
h3159.png,Healthy
h3160.png,Healthy
h3161.png,Healthy
h3162.png,Healthy
h3163.png,Healthy
h3166.png,Healthy
h3167.png,Healthy
h3168.png,Healthy
h3171.png,Healthy
h3172.png,Healthy
h3173.png,Healthy
h3175.png,Healthy
h3176.png,Healthy
h3177.png,Healthy
h3178.png,Healthy
h3180.png,Healthy
h3182.png,Healthy
h3183.png,Healthy
h3185.png,Healthy
h3186.png,Healthy
h3188.png,Healthy
h3189.png,Healthy
h3190.png,Healthy
h3191.png,Healthy
h3192.png,Healthy
h3193.png,Healthy
h3194.png,Healthy
h3198.png,Healthy
h3202.png,Healthy
h3203.png,Healthy
h3204.png,Healthy
h3206.png,Healthy
h3207.png,Healthy
h3209.png,Healthy
h3211.png,Healthy
h3212.png,Healthy
h3213.png,Healthy
h3214.png,Healthy
h3215.png,Healthy
h3216.png,Healthy
h3217.png,Healthy
h3219.png,Healthy
h3221.png,Healthy
h3222.png,Healthy
h3223.png,Healthy
h3224.png,Healthy
h3225.png,Healthy
h3226.png,Healthy
h3227.png,Healthy
h3228.png,Healthy
h3231.png,Healthy
h3232.png,Healthy
h3233.png,Healthy
h3235.png,Healthy
h3236.png,Healthy
h3239.png,Healthy
h3242.png,Healthy
h3244.png,Healthy
h3245.png,Healthy
h3246.png,Healthy
h3247.png,Healthy
h3248.png,Healthy
h3249.png,Healthy
h3251.png,Healthy
h3252.png,Healthy
h3253.png,Healthy
h3254.png,Healthy
h3255.png,Healthy
h3256.png,Healthy
h3257.png,Healthy
h3259.png,Healthy
h3260.png,Healthy
h3262.png,Healthy
h3263.png,Healthy
h3264.png,Healthy
h3265.png,Healthy
h3266.png,Healthy
h3268.png,Healthy
h3269.png,Healthy
h3270.png,Healthy
h3273.png,Healthy
h3275.png,Healthy
h3276.png,Healthy
h3277.png,Healthy
h3278.png,Healthy
h3279.png,Healthy
h3280.png,Healthy
h3281.png,Healthy
h3282.png,Healthy
h3284.png,Healthy
h3285.png,Healthy
h3286.png,Healthy
h3287.png,Healthy
h3288.png,Healthy
h3290.png,Healthy
h3292.png,Healthy
h3294.png,Healthy
h3295.png,Healthy
h3296.png,Healthy
h3297.png,Healthy
h3298.png,Healthy
h3301.png,Healthy
h3303.png,Healthy
h3305.png,Healthy
h3307.png,Healthy
h3308.png,Healthy
h3309.png,Healthy
h3310.png,Healthy
h3311.png,Healthy
h3313.png,Healthy
h3314.png,Healthy
h3315.png,Healthy
h3316.png,Healthy
h3317.png,Healthy
h3318.png,Healthy
h3320.png,Healthy
h3322.png,Healthy
h3324.png,Healthy
h3325.png,Healthy
h3327.png,Healthy
h3328.png,Healthy
h3329.png,Healthy
h3330.png,Healthy
h3331.png,Healthy
h3332.png,Healthy
h3333.png,Healthy
h3335.png,Healthy
h3336.png,Healthy
h3339.png,Healthy
h3340.png,Healthy
h3341.png,Healthy
h3342.png,Healthy
h3344.png,Healthy
h3346.png,Healthy
h3347.png,Healthy
h3348.png,Healthy
h3349.png,Healthy
h3350.png,Healthy
h3351.png,Healthy
h3354.png,Healthy
h3356.png,Healthy
h3357.png,Healthy
h3358.png,Healthy
h3364.png,Healthy
h3365.png,Healthy
h3366.png,Healthy
h3367.png,Healthy
h3368.png,Healthy
h3369.png,Healthy
h3371.png,Healthy
h3372.png,Healthy
h3373.png,Healthy
h3374.png,Healthy
h3375.png,Healthy
h3376.png,Healthy
h3378.png,Healthy
h3379.png,Healthy
h3380.png,Healthy
h3381.png,Healthy
h3382.png,Healthy
h3383.png,Healthy
h3384.png,Healthy
h3386.png,Healthy
h3387.png,Healthy
h3390.png,Healthy
h3392.png,Healthy
h3393.png,Healthy
h3394.png,Healthy
h3395.png,Healthy
h3399.png,Healthy
h3400.png,Healthy
h3401.png,Healthy
h3402.png,Healthy
h3403.png,Healthy
h3404.png,Healthy
h3405.png,Healthy
h3406.png,Healthy
h3407.png,Healthy
h3408.png,Healthy
h3409.png,Healthy
h3410.png,Healthy
h3412.png,Healthy
h3414.png,Healthy
h3415.png,Healthy
h3416.png,Healthy
h3417.png,Healthy
h3418.png,Healthy
h3419.png,Healthy
h3420.png,Healthy
h3421.png,Healthy
h3423.png,Healthy
h3424.png,Healthy
h3425.png,Healthy
h3426.png,Healthy
h3428.png,Healthy
h3429.png,Healthy
h3431.png,Healthy
h3432.png,Healthy
h3433.png,Healthy
h3435.png,Healthy
h3436.png,Healthy
h3437.png,Healthy
h3438.png,Healthy
h3439.png,Healthy
h3441.png,Healthy
h3443.png,Healthy
h3445.png,Healthy
h3446.png,Healthy
h3448.png,Healthy
h3449.png,Healthy
h3451.png,Healthy
h3453.png,Healthy
h3454.png,Healthy
h3455.png,Healthy
h3457.png,Healthy
h3458.png,Healthy
h3459.png,Healthy
h3461.png,Healthy
h3462.png,Healthy
h3463.png,Healthy
h3464.png,Healthy
h3465.png,Healthy
h3466.png,Healthy
h3467.png,Healthy
h3468.png,Healthy
h3469.png,Healthy
h3470.png,Healthy
h3471.png,Healthy
h3474.png,Healthy
h3475.png,Healthy
h3476.png,Healthy
h3477.png,Healthy
h3478.png,Healthy
h3479.png,Healthy
h3480.png,Healthy
h3481.png,Healthy
h3482.png,Healthy
h3483.png,Healthy
h3484.png,Healthy
h3486.png,Healthy
h3487.png,Healthy
h3488.png,Healthy
h3489.png,Healthy
h3490.png,Healthy
h3491.png,Healthy
h3492.png,Healthy
h3493.png,Healthy
h3494.png,Healthy
h3495.png,Healthy
h3496.png,Healthy
h3497.png,Healthy
h3498.png,Healthy
h3499.png,Healthy
h3500.png,Healthy
h3501.png,Healthy
h3502.png,Healthy
h3504.png,Healthy
h3506.png,Healthy
h3508.png,Healthy
h3510.png,Healthy
h3511.png,Healthy
h3512.png,Healthy
h3513.png,Healthy
h3514.png,Healthy
h3515.png,Healthy
h3516.png,Healthy
h3517.png,Healthy
h3518.png,Healthy
h3519.png,Healthy
h3520.png,Healthy
h3521.png,Healthy
h3523.png,Healthy
h3525.png,Healthy
h3527.png,Healthy
h3528.png,Healthy
h3529.png,Healthy
h3530.png,Healthy
h3531.png,Healthy
h3533.png,Healthy
h3534.png,Healthy
h3535.png,Healthy
h3537.png,Healthy
h3538.png,Healthy
h3539.png,Healthy
h3540.png,Healthy
h3541.png,Healthy
h3542.png,Healthy
h3543.png,Healthy
h3544.png,Healthy
h3545.png,Healthy
h3546.png,Healthy
h3548.png,Healthy
h3549.png,Healthy
h3550.png,Healthy
h3552.png,Healthy
h3553.png,Healthy
h3554.png,Healthy
h3555.png,Healthy
h3556.png,Healthy
h3557.png,Healthy
h3558.png,Healthy
h3559.png,Healthy
h3560.png,Healthy
h3561.png,Healthy
h3562.png,Healthy
h3563.png,Healthy
h3565.png,Healthy
h3566.png,Healthy
h3567.png,Healthy
h3569.png,Healthy
h3570.png,Healthy
h3572.png,Healthy
h3573.png,Healthy
h3574.png,Healthy
h3575.png,Healthy
h3576.png,Healthy
h3577.png,Healthy
h3578.png,Healthy
h3579.png,Healthy
h3580.png,Healthy
h3581.png,Healthy
h3582.png,Healthy
h3583.png,Healthy
h3586.png,Healthy
h3587.png,Healthy
h3588.png,Healthy
h3591.png,Healthy
h3594.png,Healthy
h3595.png,Healthy
h3596.png,Healthy
h3597.png,Healthy
h3598.png,Healthy
h3599.png,Healthy
h3600.png,Healthy
h3601.png,Healthy
h3602.png,Healthy
h3603.png,Healthy
h3605.png,Healthy
h3607.png,Healthy
h3608.png,Healthy
h3609.png,Healthy
h3610.png,Healthy
h3611.png,Healthy
h3613.png,Healthy
h3614.png,Healthy
h3615.png,Healthy
h3616.png,Healthy
h3617.png,Healthy
h3618.png,Healthy
h3619.png,Healthy
h3620.png,Healthy
h3621.png,Healthy
h3622.png,Healthy
h3623.png,Healthy
h3624.png,Healthy
h3625.png,Healthy
h3626.png,Healthy
h3633.png,Healthy
h3636.png,Healthy
h3637.png,Healthy
h3639.png,Healthy
h3640.png,Healthy
h3642.png,Healthy
h3643.png,Healthy
h3644.png,Healthy
h3645.png,Healthy
h3648.png,Healthy
h3649.png,Healthy
h3650.png,Healthy
h3651.png,Healthy
h3652.png,Healthy
h3653.png,Healthy
h3654.png,Healthy
h3655.png,Healthy
h3656.png,Healthy
h3659.png,Healthy
h3660.png,Healthy
h3664.png,Healthy
h3666.png,Healthy
h3669.png,Healthy
h3673.png,Healthy
h3674.png,Healthy
h3675.png,Healthy
h3676.png,Healthy
h3677.png,Healthy
h3678.png,Healthy
h3683.png,Healthy
h3684.png,Healthy
h3686.png,Healthy
h3688.png,Healthy
h3689.png,Healthy
h3690.png,Healthy
h3691.png,Healthy
h3692.png,Healthy
h3693.png,Healthy
h3694.png,Healthy
h3695.png,Healthy
h3696.png,Healthy
h3697.png,Healthy
h3699.png,Healthy
h3702.png,Healthy
h3703.png,Healthy
h3704.png,Healthy
h3705.png,Healthy
h3706.png,Healthy
h3707.png,Healthy
h3708.png,Healthy
h3709.png,Healthy
h3710.png,Healthy
h3712.png,Healthy
h3713.png,Healthy
h3715.png,Healthy
h3716.png,Healthy
h3717.png,Healthy
h3718.png,Healthy
h3719.png,Healthy
h3720.png,Healthy
h3721.png,Healthy
h3722.png,Healthy
h3723.png,Healthy
h3725.png,Healthy
h3726.png,Healthy
h3727.png,Healthy
h3729.png,Healthy
h3730.png,Healthy
h3732.png,Healthy
h3735.png,Healthy
h3736.png,Healthy
h3737.png,Healthy
h3739.png,Healthy
h3740.png,Healthy
h3741.png,Healthy
h3742.png,Healthy
h3743.png,Healthy
h3744.png,Healthy
h3745.png,Healthy
h3746.png,Healthy
h3747.png,Healthy
h3748.png,Healthy
h3750.png,Healthy
h3751.png,Healthy
h3752.png,Healthy
h3753.png,Healthy
h3754.png,Healthy
h3755.png,Healthy
h3756.png,Healthy
h3757.png,Healthy
h3758.png,Healthy
h3759.png,Healthy
h3763.png,Healthy
h3764.png,Healthy
h3766.png,Healthy
h3767.png,Healthy
h3768.png,Healthy
h3769.png,Healthy
h3770.png,Healthy
h3772.png,Healthy
h3774.png,Healthy
h3775.png,Healthy
h3776.png,Healthy
h3777.png,Healthy
h3778.png,Healthy
h3780.png,Healthy
h3781.png,Healthy
h3782.png,Healthy
h3783.png,Healthy
h3785.png,Healthy
h3786.png,Healthy
h3789.png,Healthy
h3791.png,Healthy
h3792.png,Healthy
h3793.png,Healthy
h3794.png,Healthy
h3795.png,Healthy
h3796.png,Healthy
h3797.png,Healthy
h3798.png,Healthy
h3801.png,Healthy
h3803.png,Healthy
h3804.png,Healthy
h3805.png,Healthy
h3806.png,Healthy
h3807.png,Healthy
h3808.png,Healthy
h3809.png,Healthy
h3810.png,Healthy
h3812.png,Healthy
h3816.png,Healthy
h3817.png,Healthy
h3819.png,Healthy
h3820.png,Healthy
h3821.png,Healthy
h3822.png,Healthy
h3823.png,Healthy
h3824.png,Healthy
h3825.png,Healthy
h3826.png,Healthy
h3828.png,Healthy
h3829.png,Healthy
h3830.png,Healthy
h3832.png,Healthy
h3834.png,Healthy
h3835.png,Healthy
h3837.png,Healthy
h3838.png,Healthy
h3839.png,Healthy
h3840.png,Healthy
h3841.png,Healthy
h3843.png,Healthy
h3845.png,Healthy
h3846.png,Healthy
h3848.png,Healthy
h3849.png,Healthy
h3850.png,Healthy
h3851.png,Healthy
h3853.png,Healthy
h3854.png,Healthy
h3855.png,Healthy
h3856.png,Healthy
h3857.png,Healthy
h3858.png,Healthy
h3859.png,Healthy
h3860.png,Healthy
h3861.png,Healthy
h3862.png,Healthy
h3863.png,Healthy
h3864.png,Healthy
h3865.png,Healthy
h3866.png,Healthy
h3867.png,Healthy
h3868.png,Healthy
h3869.png,Healthy
h3870.png,Healthy
h3872.png,Healthy
h3873.png,Healthy
h3874.png,Healthy
h3875.png,Healthy
h3876.png,Healthy
h3877.png,Healthy
h3878.png,Healthy
h3879.png,Healthy
h3880.png,Healthy
h3881.png,Healthy
h3882.png,Healthy
h3884.png,Healthy
h3885.png,Healthy
h3888.png,Healthy
h3890.png,Healthy
h3891.png,Healthy
h3893.png,Healthy
h3894.png,Healthy
h3895.png,Healthy
h3896.png,Healthy
h3900.png,Healthy
h3902.png,Healthy
h3904.png,Healthy
h3905.png,Healthy
h3906.png,Healthy
h3907.png,Healthy
h3909.png,Healthy
h3910.png,Healthy
h3911.png,Healthy
h3912.png,Healthy
h3913.png,Healthy
h3915.png,Healthy
h3916.png,Healthy
h3917.png,Healthy
h3918.png,Healthy
h3919.png,Healthy
h3920.png,Healthy
h3921.png,Healthy
h3922.png,Healthy
h3923.png,Healthy
h3924.png,Healthy
h3925.png,Healthy
h3927.png,Healthy
h3928.png,Healthy
h3929.png,Healthy
h3931.png,Healthy
h3932.png,Healthy
h3934.png,Healthy
h3935.png,Healthy
h3936.png,Healthy
h3937.png,Healthy
h3938.png,Healthy
h3940.png,Healthy
h3941.png,Healthy
h3942.png,Healthy
h3944.png,Healthy
h3945.png,Healthy
h3947.png,Healthy
h3948.png,Healthy
h3950.png,Healthy
h3951.png,Healthy
h3952.png,Healthy
h3953.png,Healthy
h3954.png,Healthy
h3955.png,Healthy
h3956.png,Healthy
h3958.png,Healthy
h3960.png,Healthy
h3961.png,Healthy
h3962.png,Healthy
h3963.png,Healthy
h3964.png,Healthy
h3966.png,Healthy
h3967.png,Healthy
h3968.png,Healthy
h3969.png,Healthy
h3970.png,Healthy
h3971.png,Healthy
h3972.png,Healthy
h3974.png,Healthy
h3975.png,Healthy
h3976.png,Healthy
h3977.png,Healthy
h3978.png,Healthy
h3980.png,Healthy
h3981.png,Healthy
h3982.png,Healthy
h3983.png,Healthy
h3984.png,Healthy
h3985.png,Healthy
h3986.png,Healthy
h3987.png,Healthy
h3989.png,Healthy
h3990.png,Healthy
h3991.png,Healthy
h3992.png,Healthy
h3993.png,Healthy
h3994.png,Healthy
h3995.png,Healthy
h3996.png,Healthy
h3997.png,Healthy
h4000.png,Healthy
h4001.png,Healthy
h4002.png,Healthy
h4004.png,Healthy
h4006.png,Healthy
h4007.png,Healthy
h4008.png,Healthy
h4009.png,Healthy
h4010.png,Healthy
h4012.png,Healthy
h4013.png,Healthy
h4014.png,Healthy
h4015.png,Healthy
h4017.png,Healthy
h4018.png,Healthy
h4019.png,Healthy
h4020.png,Healthy
h4021.png,Healthy
h4022.png,Healthy
h4023.png,Healthy
h4024.png,Healthy
h4025.png,Healthy
h4026.png,Healthy
h4027.png,Healthy
h4029.png,Healthy
h4030.png,Healthy
h4031.png,Healthy
h4033.png,Healthy
h4034.png,Healthy
h4035.png,Healthy
h4036.png,Healthy
h4037.png,Healthy
h4038.png,Healthy
h4039.png,Healthy
h4041.png,Healthy
h4042.png,Healthy
h4043.png,Healthy
h4044.png,Healthy
h4045.png,Healthy
h4046.png,Healthy
h4047.png,Healthy
h4048.png,Healthy
h4049.png,Healthy
h4050.png,Healthy
h4052.png,Healthy
h4054.png,Healthy
h4055.png,Healthy
h4056.png,Healthy
h4057.png,Healthy
h4058.png,Healthy
h4059.png,Healthy
h4061.png,Healthy
h4062.png,Healthy
h4063.png,Healthy
h4064.png,Healthy
h4066.png,Healthy
h4067.png,Healthy
h4068.png,Healthy
h4073.png,Healthy
h4074.png,Healthy
h4075.png,Healthy
h4076.png,Healthy
h4078.png,Healthy
h4079.png,Healthy
h4080.png,Healthy
h4081.png,Healthy
h4082.png,Healthy
h4084.png,Healthy
h4086.png,Healthy
h4087.png,Healthy
h4089.png,Healthy
h4090.png,Healthy
h4091.png,Healthy
h4092.png,Healthy
h4093.png,Healthy
h4095.png,Healthy
h4096.png,Healthy
h4097.png,Healthy
h4098.png,Healthy
h4099.png,Healthy
h4100.png,Healthy
h4102.png,Healthy
h4108.png,Healthy
h4109.png,Healthy
h4110.png,Healthy
h4111.png,Healthy
h4112.png,Healthy
h4113.png,Healthy
h4114.png,Healthy
h4115.png,Healthy
h4116.png,Healthy
h4117.png,Healthy
h4118.png,Healthy
h4119.png,Healthy
h4120.png,Healthy
h4122.png,Healthy
h4123.png,Healthy
h4124.png,Healthy
h4127.png,Healthy
h4130.png,Healthy
h4131.png,Healthy
h4133.png,Healthy
h4135.png,Healthy
h4136.png,Healthy
h4138.png,Healthy
h4139.png,Healthy
h4142.png,Healthy
h4143.png,Healthy
h4144.png,Healthy
h4145.png,Healthy
h4147.png,Healthy
h4148.png,Healthy
h4149.png,Healthy
h4151.png,Healthy
h4152.png,Healthy
h4153.png,Healthy
h4154.png,Healthy
h4155.png,Healthy
h4157.png,Healthy
h4158.png,Healthy
h4159.png,Healthy
h4160.png,Healthy
h4161.png,Healthy
h4162.png,Healthy
h4163.png,Healthy
h4164.png,Healthy
h4165.png,Healthy
h4166.png,Healthy
h4167.png,Healthy
h4168.png,Healthy
h4169.png,Healthy
h4171.png,Healthy
h4172.png,Healthy
h4173.png,Healthy
h4174.png,Healthy
h4177.png,Healthy
h4178.png,Healthy
h4179.png,Healthy
h4180.png,Healthy
h4183.png,Healthy
h4184.png,Healthy
h4185.png,Healthy
h4186.png,Healthy
h4187.png,Healthy
h4188.png,Healthy
h4189.png,Healthy
h4191.png,Healthy
h4192.png,Healthy
h4193.png,Healthy
h4194.png,Healthy
h4196.png,Healthy
h4197.png,Healthy
h4198.png,Healthy
h4201.png,Healthy
h4203.png,Healthy
h4204.png,Healthy
h4205.png,Healthy
h4206.png,Healthy
h4207.png,Healthy
h4209.png,Healthy
h4211.png,Healthy
h4212.png,Healthy
h4213.png,Healthy
h4214.png,Healthy
h4215.png,Healthy
h4216.png,Healthy
h4217.png,Healthy
h4218.png,Healthy
h4219.png,Healthy
h4220.png,Healthy
h4221.png,Healthy
h4222.png,Healthy
h4223.png,Healthy
h4224.png,Healthy
h4226.png,Healthy
h4227.png,Healthy
h4228.png,Healthy
h4229.png,Healthy
h4230.png,Healthy
h4231.png,Healthy
h4233.png,Healthy
h4234.png,Healthy
h4235.png,Healthy
h4236.png,Healthy
h4237.png,Healthy
h4238.png,Healthy
h4239.png,Healthy
h4241.png,Healthy
h4244.png,Healthy
h4245.png,Healthy
h4246.png,Healthy
h4247.png,Healthy
h4250.png,Healthy
h4251.png,Healthy
h4252.png,Healthy
h4253.png,Healthy
h4254.png,Healthy
h4255.png,Healthy
h4256.png,Healthy
h4257.png,Healthy
h4258.png,Healthy
h4259.png,Healthy
h4260.png,Healthy
h4261.png,Healthy
h4262.png,Healthy
h4263.png,Healthy
h4264.png,Healthy
h4266.png,Healthy
h4267.png,Healthy
h4268.png,Healthy
h4269.png,Healthy
h4270.png,Healthy
h4272.png,Healthy
h4273.png,Healthy
h4275.png,Healthy
h4276.png,Healthy
h4278.png,Healthy
h4279.png,Healthy
h4280.png,Healthy
h4281.png,Healthy
h4283.png,Healthy
h4286.png,Healthy
h4287.png,Healthy
h4289.png,Healthy
h4290.png,Healthy
h4291.png,Healthy
h4292.png,Healthy
h4293.png,Healthy
h4294.png,Healthy
h4297.png,Healthy
h4298.png,Healthy
h4299.png,Healthy
h4300.png,Healthy
h4302.png,Healthy
h4304.png,Healthy
h4305.png,Healthy
h4306.png,Healthy
h4307.png,Healthy
h4308.png,Healthy
h4309.png,Healthy
h4310.png,Healthy
h4311.png,Healthy
h4313.png,Healthy
h4314.png,Healthy
h4316.png,Healthy
h4317.png,Healthy
h4318.png,Healthy
h4319.png,Healthy
h4320.png,Healthy
h4321.png,Healthy
h4324.png,Healthy
h4326.png,Healthy
h4327.png,Healthy
h4328.png,Healthy
h4329.png,Healthy
h4330.png,Healthy
h4332.png,Healthy
h4335.png,Healthy
h4336.png,Healthy
h4337.png,Healthy
h4338.png,Healthy
h4339.png,Healthy
h4340.png,Healthy
h4341.png,Healthy
h4342.png,Healthy
h4343.png,Healthy
h4344.png,Healthy
h4345.png,Healthy
h4347.png,Healthy
h4348.png,Healthy
h4349.png,Healthy
h4350.png,Healthy
h4351.png,Healthy
h4352.png,Healthy
h4354.png,Healthy
h4356.png,Healthy
h4357.png,Healthy
h4358.png,Healthy
h4359.png,Healthy
h4360.png,Healthy
h4361.png,Healthy
h4362.png,Healthy
h4363.png,Healthy
h4365.png,Healthy
h4366.png,Healthy
h4367.png,Healthy
h4368.png,Healthy
h4369.png,Healthy
h4370.png,Healthy
h4371.png,Healthy
h4372.png,Healthy
h4373.png,Healthy
h4374.png,Healthy
h4375.png,Healthy
h4377.png,Healthy
h4378.png,Healthy
h4379.png,Healthy
h4380.png,Healthy
h4381.png,Healthy
h4382.png,Healthy
h4383.png,Healthy
h4386.png,Healthy
h4387.png,Healthy
h4388.png,Healthy
h4389.png,Healthy
h4390.png,Healthy
h4391.png,Healthy
h4392.png,Healthy
h4393.png,Healthy
h4394.png,Healthy
h4395.png,Healthy
h4396.png,Healthy
h4397.png,Healthy
h4399.png,Healthy
h4401.png,Healthy
h4402.png,Healthy
h4403.png,Healthy
h4404.png,Healthy
h4406.png,Healthy
h4407.png,Healthy
h4408.png,Healthy
h4410.png,Healthy
h4413.png,Healthy
h4414.png,Healthy
h4416.png,Healthy
h4418.png,Healthy
h4419.png,Healthy
h4420.png,Healthy
h4421.png,Healthy
h4422.png,Healthy
h4423.png,Healthy
h4426.png,Healthy
h4427.png,Healthy
h4428.png,Healthy
h4429.png,Healthy
h4431.png,Healthy
h4432.png,Healthy
h4433.png,Healthy
h4434.png,Healthy
h4435.png,Healthy
h4436.png,Healthy
h4437.png,Healthy
h4438.png,Healthy
h4439.png,Healthy
h4440.png,Healthy
h4441.png,Healthy
h4443.png,Healthy
h4445.png,Healthy
h4446.png,Healthy
h4447.png,Healthy
h4449.png,Healthy
h4450.png,Healthy
h4451.png,Healthy
h4452.png,Healthy
h4453.png,Healthy
h4454.png,Healthy
h4455.png,Healthy
h4456.png,Healthy
h4457.png,Healthy
h4458.png,Healthy
h4459.png,Healthy
h4460.png,Healthy
h4461.png,Healthy
h4462.png,Healthy
h4463.png,Healthy
h4466.png,Healthy
h4467.png,Healthy
h4468.png,Healthy
h4470.png,Healthy
h4473.png,Healthy
h4474.png,Healthy
h4475.png,Healthy
h4476.png,Healthy
h4479.png,Healthy
h4480.png,Healthy
h4481.png,Healthy
h4483.png,Healthy
h4484.png,Healthy
h4485.png,Healthy
h4486.png,Healthy
h4487.png,Healthy
h4488.png,Healthy
h4489.png,Healthy
h4490.png,Healthy
h4491.png,Healthy
h4493.png,Healthy
h4495.png,Healthy
h4496.png,Healthy
h4497.png,Healthy
h4498.png,Healthy
h4499.png,Healthy
h4500.png,Healthy
h4501.png,Healthy
h4502.png,Healthy
h4503.png,Healthy
h4504.png,Healthy
h4505.png,Healthy
h4506.png,Healthy
h4507.png,Healthy
h4508.png,Healthy
h4510.png,Healthy
h4511.png,Healthy
h4514.png,Healthy
h4515.png,Healthy
h4516.png,Healthy
h4517.png,Healthy
h4518.png,Healthy
h4519.png,Healthy
h4520.png,Healthy
h4522.png,Healthy
h4523.png,Healthy
h4524.png,Healthy
h4526.png,Healthy
h4527.png,Healthy
h4530.png,Healthy
h4531.png,Healthy
h4533.png,Healthy
h4534.png,Healthy
h4535.png,Healthy
h4536.png,Healthy
h4538.png,Healthy
h4540.png,Healthy
h4541.png,Healthy
h4542.png,Healthy
h4543.png,Healthy
h4545.png,Healthy
h4547.png,Healthy
h4548.png,Healthy
h4549.png,Healthy
h4551.png,Healthy
h4554.png,Healthy
h4555.png,Healthy
h4557.png,Healthy
h4558.png,Healthy
h4559.png,Healthy
h4561.png,Healthy
h4562.png,Healthy
h4563.png,Healthy
h4564.png,Healthy
h4565.png,Healthy
h4566.png,Healthy
h4567.png,Healthy
h4568.png,Healthy
h4569.png,Healthy
h4570.png,Healthy
h4571.png,Healthy
h4572.png,Healthy
h4573.png,Healthy
h4574.png,Healthy
h4575.png,Healthy
h4576.png,Healthy
h4579.png,Healthy
h4580.png,Healthy
h4581.png,Healthy
h4582.png,Healthy
h4583.png,Healthy
h4584.png,Healthy
h4585.png,Healthy
h4586.png,Healthy
h4588.png,Healthy
h4591.png,Healthy
h4592.png,Healthy
h4593.png,Healthy
h4594.png,Healthy
h4595.png,Healthy
h4596.png,Healthy
h4598.png,Healthy
h4599.png,Healthy
h4601.png,Healthy
h4602.png,Healthy
h4605.png,Healthy
h4607.png,Healthy
h4608.png,Healthy
h4609.png,Healthy
h4610.png,Healthy
h4611.png,Healthy
h4612.png,Healthy
h4613.png,Healthy
h4614.png,Healthy
h4615.png,Healthy
h4616.png,Healthy
h4617.png,Healthy
h4618.png,Healthy
h4619.png,Healthy
h4620.png,Healthy
h4621.png,Healthy
h4622.png,Healthy
h4624.png,Healthy
h4625.png,Healthy
h4626.png,Healthy
h4627.png,Healthy
h4629.png,Healthy
h4630.png,Healthy
h4631.png,Healthy
h4634.png,Healthy
h4636.png,Healthy
h4637.png,Healthy
h4638.png,Healthy
h4639.png,Healthy
h4641.png,Healthy
h4646.png,Healthy
h4647.png,Healthy
h4648.png,Healthy
h4649.png,Healthy
h4650.png,Healthy
h4651.png,Healthy
h4652.png,Healthy
h4653.png,Healthy
h4655.png,Healthy
h4657.png,Healthy
h4658.png,Healthy
h4659.png,Healthy
h4660.png,Healthy
h4661.png,Healthy
h4663.png,Healthy
h4664.png,Healthy
h4665.png,Healthy
h4666.png,Healthy
h4667.png,Healthy
h4669.png,Healthy
h4670.png,Healthy
h4671.png,Healthy
h4672.png,Healthy
h4673.png,Healthy
h4674.png,Healthy
h4675.png,Healthy
h4676.png,Healthy
h4677.png,Healthy
h4678.png,Healthy
h4679.png,Healthy
h4680.png,Healthy
h4681.png,Healthy
h4682.png,Healthy
h4683.png,Healthy
h4684.png,Healthy
h4686.png,Healthy
h4687.png,Healthy
h4688.png,Healthy
h4691.png,Healthy
h4692.png,Healthy
h4693.png,Healthy
h4694.png,Healthy
h4695.png,Healthy
h4696.png,Healthy
h4697.png,Healthy
h4698.png,Healthy
h4699.png,Healthy
h4700.png,Healthy
h4702.png,Healthy
h4704.png,Healthy
h4705.png,Healthy
h4707.png,Healthy
h4708.png,Healthy
h4709.png,Healthy
h4711.png,Healthy
h4712.png,Healthy
h4713.png,Healthy
h4714.png,Healthy
h4716.png,Healthy
h4717.png,Healthy
h4719.png,Healthy
h4720.png,Healthy
h4722.png,Healthy
h4723.png,Healthy
h4724.png,Healthy
h4725.png,Healthy
h4727.png,Healthy
h4728.png,Healthy
h4729.png,Healthy
h4731.png,Healthy
h4732.png,Healthy
h4733.png,Healthy
h4734.png,Healthy
h4735.png,Healthy
h4736.png,Healthy
h4738.png,Healthy
h4739.png,Healthy
h4740.png,Healthy
h4741.png,Healthy
h4742.png,Healthy
h4743.png,Healthy
h4744.png,Healthy
h4745.png,Healthy
h4746.png,Healthy
h4747.png,Healthy
h4749.png,Healthy
h4750.png,Healthy
h4751.png,Healthy
h4752.png,Healthy
h4753.png,Healthy
h4755.png,Healthy
h4758.png,Healthy
h4759.png,Healthy
h4760.png,Healthy
h4761.png,Healthy
h4762.png,Healthy
h4763.png,Healthy
h4764.png,Healthy
h4765.png,Healthy
h4766.png,Healthy
h4767.png,Healthy
h4768.png,Healthy
h4769.png,Healthy
h4770.png,Healthy
h4771.png,Healthy
h4774.png,Healthy
h4775.png,Healthy
h4777.png,Healthy
h4778.png,Healthy
h4779.png,Healthy
h4780.png,Healthy
h4782.png,Healthy
h4783.png,Healthy
h4784.png,Healthy
h4785.png,Healthy
h4786.png,Healthy
h4788.png,Healthy
h4789.png,Healthy
h4791.png,Healthy
h4792.png,Healthy
h4793.png,Healthy
h4794.png,Healthy
h4796.png,Healthy
h4797.png,Healthy
h4799.png,Healthy
h4801.png,Healthy
h4802.png,Healthy
h4803.png,Healthy
h4805.png,Healthy
h4806.png,Healthy
h4807.png,Healthy
h4808.png,Healthy
h4810.png,Healthy
h4811.png,Healthy
h4812.png,Healthy
h4813.png,Healthy
h4816.png,Healthy
h4817.png,Healthy
h4818.png,Healthy
h4819.png,Healthy
h4820.png,Healthy
h4821.png,Healthy
h4824.png,Healthy
h4825.png,Healthy
h4828.png,Healthy
h4829.png,Healthy
h4831.png,Healthy
h4833.png,Healthy
h4834.png,Healthy
h4837.png,Healthy
h4838.png,Healthy
h4839.png,Healthy
h4840.png,Healthy
h4841.png,Healthy
h4842.png,Healthy
h4843.png,Healthy
h4844.png,Healthy
h4845.png,Healthy
h4846.png,Healthy
h4847.png,Healthy
h4848.png,Healthy
h4852.png,Healthy
h4855.png,Healthy
h4856.png,Healthy
h4857.png,Healthy
h4859.png,Healthy
h4860.png,Healthy
h4861.png,Healthy
h4862.png,Healthy
h4863.png,Healthy
h4864.png,Healthy
h4865.png,Healthy
h4866.png,Healthy
h4867.png,Healthy
h4868.png,Healthy
h4869.png,Healthy
h4870.png,Healthy
h4871.png,Healthy
h4872.png,Healthy
h4874.png,Healthy
h4875.png,Healthy
h4876.png,Healthy
h4878.png,Healthy
h4879.png,Healthy
h4880.png,Healthy
h4881.png,Healthy
h4883.png,Healthy
h4884.png,Healthy
h4886.png,Healthy
h4887.png,Healthy
h4889.png,Healthy
h4893.png,Healthy
h4894.png,Healthy
h4895.png,Healthy
h4896.png,Healthy
h4898.png,Healthy
h4899.png,Healthy
h4900.png,Healthy
h4901.png,Healthy
h4902.png,Healthy
h4903.png,Healthy
h4904.png,Healthy
h4905.png,Healthy
h4906.png,Healthy
h4907.png,Healthy
h4908.png,Healthy
h4909.png,Healthy
h4912.png,Healthy
h4913.png,Healthy
h4914.png,Healthy
h4915.png,Healthy
h4917.png,Healthy
h4919.png,Healthy
h4920.png,Healthy
h4921.png,Healthy
h4922.png,Healthy
h4925.png,Healthy
h4926.png,Healthy
h4928.png,Healthy
h4929.png,Healthy
h4930.png,Healthy
h4931.png,Healthy
h4933.png,Healthy
h4934.png,Healthy
h4935.png,Healthy
h4936.png,Healthy
h4937.png,Healthy
h4938.png,Healthy
h4939.png,Healthy
h4940.png,Healthy
h4941.png,Healthy
h4942.png,Healthy
h4943.png,Healthy
h4944.png,Healthy
h4945.png,Healthy
h4946.png,Healthy
h4948.png,Healthy
h4949.png,Healthy
h4950.png,Healthy
h4951.png,Healthy
h4952.png,Healthy
h4953.png,Healthy
h4954.png,Healthy
h4955.png,Healthy
h4956.png,Healthy
h4958.png,Healthy
h4960.png,Healthy
h4962.png,Healthy
h4963.png,Healthy
h4965.png,Healthy
h4967.png,Healthy
h4968.png,Healthy
h4969.png,Healthy
h4970.png,Healthy
h4973.png,Healthy
h4975.png,Healthy
h4976.png,Healthy
h4977.png,Healthy
h4978.png,Healthy
h4979.png,Healthy
h4981.png,Healthy
h4982.png,Healthy
h4983.png,Healthy
h4984.png,Healthy
h4985.png,Healthy
h4986.png,Healthy
h4987.png,Healthy
h4988.png,Healthy
h4989.png,Healthy
h4990.png,Healthy
h4991.png,Healthy
h4992.png,Healthy
h4994.png,Healthy
h4995.png,Healthy
h4996.png,Healthy
h4998.png,Healthy
h4999.png,Healthy
h5000.png,Healthy
tb0250.png,TB
tb0251.png,TB
tb0252.png,TB
tb0253.png,TB
tb0255.png,TB
tb0256.png,TB
tb0260.png,TB
tb0262.png,TB
tb0264.png,TB
tb0266.png,TB
tb0267.png,TB
tb0269.png,TB
tb0270.png,TB
tb0271.png,TB
tb0273.png,TB
tb0274.png,TB
tb0275.png,TB
tb0277.png,TB
tb0279.png,TB
tb0280.png,TB
tb0282.png,TB
tb0283.png,TB
tb0284.png,TB
tb0285.png,TB
tb0286.png,TB
tb0287.png,TB
tb0288.png,TB
tb0289.png,TB
tb0290.png,TB
tb0291.png,TB
tb0292.png,TB
tb0293.png,TB
tb0294.png,TB
tb0297.png,TB
tb0298.png,TB
tb0299.png,TB
tb0300.png,TB
tb0301.png,TB
tb0303.png,TB
tb0305.png,TB
tb0306.png,TB
tb0307.png,TB
tb0309.png,TB
tb0311.png,TB
tb0313.png,TB
tb0315.png,TB
tb0316.png,TB
tb0317.png,TB
tb0318.png,TB
tb0319.png,TB
tb0321.png,TB
tb0322.png,TB
tb0323.png,TB
tb0324.png,TB
tb0325.png,TB
tb0326.png,TB
tb0327.png,TB
tb0329.png,TB
tb0330.png,TB
tb0332.png,TB
tb0333.png,TB
tb0335.png,TB
tb0336.png,TB
tb0337.png,TB
tb0338.png,TB
tb0342.png,TB
tb0343.png,TB
tb0345.png,TB
tb0346.png,TB
tb0347.png,TB
tb0348.png,TB
tb0349.png,TB
tb0350.png,TB
tb0352.png,TB
tb0353.png,TB
tb0354.png,TB
tb0355.png,TB
tb0356.png,TB
tb0357.png,TB
tb0360.png,TB
tb0361.png,TB
tb0362.png,TB
tb0364.png,TB
tb0365.png,TB
tb0366.png,TB
tb0369.png,TB
tb0370.png,TB
tb0371.png,TB
tb0372.png,TB
tb0373.png,TB
tb0374.png,TB
tb0376.png,TB
tb0377.png,TB
tb0378.png,TB
tb0380.png,TB
tb0382.png,TB
tb0383.png,TB
tb0386.png,TB
tb0388.png,TB
tb0389.png,TB
tb0390.png,TB
tb0391.png,TB
tb0392.png,TB
tb0393.png,TB
tb0395.png,TB
tb0397.png,TB
tb0398.png,TB
tb0399.png,TB
tb0402.png,TB
tb0404.png,TB
tb0405.png,TB
tb0406.png,TB
tb0407.png,TB
tb0408.png,TB
tb0409.png,TB
tb0413.png,TB
tb0417.png,TB
tb0418.png,TB
tb0419.png,TB
tb0420.png,TB
tb0424.png,TB
tb0425.png,TB
tb0427.png,TB
tb0429.png,TB
tb0431.png,TB
tb0433.png,TB
tb0434.png,TB
tb0435.png,TB
tb0439.png,TB
tb0441.png,TB
tb0442.png,TB
tb0443.png,TB
tb0445.png,TB
tb0446.png,TB
tb0447.png,TB
tb0449.png,TB
tb0450.png,TB
tb0451.png,TB
tb0452.png,TB
tb0453.png,TB
tb0455.png,TB
tb0456.png,TB
tb0459.png,TB
tb0460.png,TB
tb0463.png,TB
tb0465.png,TB
tb0467.png,TB
tb0469.png,TB
tb0470.png,TB
tb0472.png,TB
tb0473.png,TB
tb0474.png,TB
tb0475.png,TB
tb0476.png,TB
tb0477.png,TB
tb0478.png,TB
tb0479.png,TB
tb0480.png,TB
tb0484.png,TB
tb0485.png,TB
tb0487.png,TB
tb0489.png,TB
tb0492.png,TB
tb0493.png,TB
tb0494.png,TB
tb0495.png,TB
tb0496.png,TB
tb0497.png,TB
tb0498.png,TB
tb0499.png,TB
tb0500.png,TB
tb0501.png,TB
tb0503.png,TB
tb0504.png,TB
tb0505.png,TB
tb0506.png,TB
tb0507.png,TB
tb0508.png,TB
tb0509.png,TB
tb0510.png,TB
tb0512.png,TB
tb0514.png,TB
tb0515.png,TB
tb0518.png,TB
tb0520.png,TB
tb0521.png,TB
tb0523.png,TB
tb0524.png,TB
tb0526.png,TB
tb0527.png,TB
tb0528.png,TB
tb0529.png,TB
tb0530.png,TB
tb0532.png,TB
tb0533.png,TB
tb0535.png,TB
tb0536.png,TB
tb0537.png,TB
tb0538.png,TB
tb0539.png,TB
tb0540.png,TB
tb0541.png,TB
tb0542.png,TB
tb0543.png,TB
tb0544.png,TB
tb0545.png,TB
tb0548.png,TB
tb0549.png,TB
tb0550.png,TB
tb0552.png,TB
tb0553.png,TB
tb0554.png,TB
tb0555.png,TB
tb0556.png,TB
tb0558.png,TB
tb0559.png,TB
tb0562.png,TB
tb0563.png,TB
tb0564.png,TB
tb0566.png,TB
tb0567.png,TB
tb0569.png,TB
tb0570.png,TB
tb0571.png,TB
tb0573.png,TB
tb0574.png,TB
tb0575.png,TB
tb0576.png,TB
tb0577.png,TB
tb0579.png,TB
tb0581.png,TB
tb0582.png,TB
tb0583.png,TB
tb0584.png,TB
tb0585.png,TB
tb0586.png,TB
tb0587.png,TB
tb0591.png,TB
tb0592.png,TB
tb0593.png,TB
tb0594.png,TB
tb0595.png,TB
tb0596.png,TB
tb0598.png,TB
tb0600.png,TB
tb0601.png,TB
tb0602.png,TB
tb0603.png,TB
tb0606.png,TB
tb0607.png,TB
tb0608.png,TB
tb0609.png,TB
tb0610.png,TB
tb0611.png,TB
tb0612.png,TB
tb0615.png,TB
tb0616.png,TB
tb0617.png,TB
tb0618.png,TB
tb0619.png,TB
tb0620.png,TB
tb0621.png,TB
tb0622.png,TB
tb0623.png,TB
tb0624.png,TB
tb0625.png,TB
tb0626.png,TB
tb0627.png,TB
tb0628.png,TB
tb0631.png,TB
tb0633.png,TB
tb0634.png,TB
tb0635.png,TB
tb0636.png,TB
tb0637.png,TB
tb0638.png,TB
tb0639.png,TB
tb0640.png,TB
tb0642.png,TB
tb0643.png,TB
tb0644.png,TB
tb0645.png,TB
tb0646.png,TB
tb0647.png,TB
tb0653.png,TB
tb0654.png,TB
tb0657.png,TB
tb0659.png,TB
tb0660.png,TB
tb0662.png,TB
tb0663.png,TB
tb0664.png,TB
tb0666.png,TB
tb0667.png,TB
tb0668.png,TB
tb0669.png,TB
tb0672.png,TB
tb0675.png,TB
tb0676.png,TB
tb0677.png,TB
tb0678.png,TB
tb0679.png,TB
tb0680.png,TB
tb0681.png,TB
tb0684.png,TB
tb0686.png,TB
tb0688.png,TB
tb0690.png,TB
tb0691.png,TB
tb0692.png,TB
tb0693.png,TB
tb0695.png,TB
tb0700.png,TB
tb0702.png,TB
tb0705.png,TB
tb0708.png,TB
tb0710.png,TB
tb0711.png,TB
tb0713.png,TB
tb0715.png,TB
tb0716.png,TB
tb0717.png,TB
tb0719.png,TB
tb0720.png,TB
tb0721.png,TB
tb0724.png,TB
tb0725.png,TB
tb0726.png,TB
tb0729.png,TB
tb0730.png,TB
tb0732.png,TB
tb0733.png,TB
tb0734.png,TB
tb0735.png,TB
tb0738.png,TB
tb0739.png,TB
tb0742.png,TB
tb0743.png,TB
tb0746.png,TB
tb0749.png,TB
tb0750.png,TB
tb0751.png,TB
tb0752.png,TB
tb0754.png,TB
tb0755.png,TB
tb0758.png,TB
tb0759.png,TB
tb0760.png,TB
tb0762.png,TB
tb0763.png,TB
tb0765.png,TB
tb0766.png,TB
tb0767.png,TB
tb0770.png,TB
tb0773.png,TB
tb0776.png,TB
tb0777.png,TB
tb0781.png,TB
tb0783.png,TB
tb0784.png,TB
tb0786.png,TB
tb0787.png,TB
tb0788.png,TB
tb0790.png,TB
tb0792.png,TB
tb0794.png,TB
tb0795.png,TB
tb0796.png,TB
tb0797.png,TB
tb0798.png,TB
tb0799.png,TB
tb0801.png,TB
tb0802.png,TB
tb0804.png,TB
tb0805.png,TB
tb0806.png,TB
tb0807.png,TB
tb0812.png,TB
tb0813.png,TB
tb0814.png,TB
tb0816.png,TB
tb0817.png,TB
tb0819.png,TB
tb0821.png,TB
tb0822.png,TB
tb0823.png,TB
tb0824.png,TB
tb0825.png,TB
tb0826.png,TB
tb0827.png,TB
tb0829.png,TB
tb0830.png,TB
tb0831.png,TB
tb0832.png,TB
tb0833.png,TB
tb0834.png,TB
tb0837.png,TB
tb0838.png,TB
tb0839.png,TB
tb0841.png,TB
tb0842.png,TB
tb0843.png,TB
tb0844.png,TB
tb0846.png,TB
tb0848.png,TB
tb0849.png,TB
tb0851.png,TB
tb0852.png,TB
tb0853.png,TB
tb0855.png,TB
tb0858.png,TB
tb0859.png,TB
tb0860.png,TB
tb0862.png,TB
tb0863.png,TB
tb0864.png,TB
tb0865.png,TB
tb0867.png,TB
tb0870.png,TB
tb0871.png,TB
tb0874.png,TB
tb0875.png,TB
tb0876.png,TB
tb0879.png,TB
tb0880.png,TB
tb0881.png,TB
tb0882.png,TB
tb0884.png,TB
tb0887.png,TB
tb0888.png,TB
tb0889.png,TB
tb0890.png,TB
tb0892.png,TB
tb0893.png,TB
tb0895.png,TB
tb0896.png,TB
tb0897.png,TB
tb0898.png,TB
tb0899.png,TB
tb0900.png,TB
tb0902.png,TB
tb0903.png,TB
tb0905.png,TB
tb0907.png,TB
tb0908.png,TB
tb0909.png,TB
tb0912.png,TB
tb0914.png,TB
tb0915.png,TB
tb0916.png,TB
tb0917.png,TB
tb0918.png,TB
tb0919.png,TB
tb0920.png,TB
tb0921.png,TB
tb0923.png,TB
tb0925.png,TB
tb0926.png,TB
tb0927.png,TB
tb0928.png,TB
tb0929.png,TB
tb0930.png,TB
tb0931.png,TB
tb0934.png,TB
tb0938.png,TB
tb0940.png,TB
tb0942.png,TB
tb0943.png,TB
tb0945.png,TB
tb0949.png,TB
tb0950.png,TB
tb0951.png,TB
tb0953.png,TB
tb0954.png,TB
tb0955.png,TB
tb0957.png,TB
tb0960.png,TB
tb0961.png,TB
tb0962.png,TB
tb0963.png,TB
tb0964.png,TB
tb0965.png,TB
tb0966.png,TB
tb0968.png,TB
tb0970.png,TB
tb0974.png,TB
tb0978.png,TB
tb0979.png,TB
tb0980.png,TB
tb0981.png,TB
tb0982.png,TB
tb0983.png,TB
tb0984.png,TB
tb0985.png,TB
tb0987.png,TB
tb0989.png,TB
tb0990.png,TB
tb0991.png,TB
tb0994.png,TB
tb0995.png,TB
tb0996.png,TB
tb0997.png,TB
tb0998.png,TB
tb0999.png,TB
tb1000.png,TB
tb1002.png,TB
tb1003.png,TB
tb1004.png,TB
tb1005.png,TB
tb1006.png,TB
tb1008.png,TB
tb1010.png,TB
tb1011.png,TB
tb1012.png,TB
tb1013.png,TB
tb1014.png,TB
tb1015.png,TB
tb1017.png,TB
tb1018.png,TB
tb1019.png,TB
tb1020.png,TB
tb1021.png,TB
tb1022.png,TB
tb1023.png,TB
tb1024.png,TB
tb1027.png,TB
tb1028.png,TB
tb1029.png,TB
tb1030.png,TB
tb1031.png,TB
tb1032.png,TB
tb1034.png,TB
tb1036.png,TB
tb1037.png,TB
tb1041.png,TB
tb1042.png,TB
tb1043.png,TB
tb1044.png,TB
tb1045.png,TB
tb1047.png,TB
tb1049.png,TB
tb1050.png,TB
tb1052.png,TB
tb1054.png,TB
tb1055.png,TB
tb1056.png,TB
tb1057.png,TB
tb1058.png,TB
tb1059.png,TB
tb1060.png,TB
tb1064.png,TB
tb1065.png,TB
tb1066.png,TB
tb1067.png,TB
tb1068.png,TB
tb1070.png,TB
tb1071.png,TB
tb1072.png,TB
tb1073.png,TB
tb1074.png,TB
tb1075.png,TB
tb1077.png,TB
tb1078.png,TB
tb1079.png,TB
tb1080.png,TB
tb1082.png,TB
tb1084.png,TB
tb1085.png,TB
tb1086.png,TB
tb1090.png,TB
tb1092.png,TB
tb1093.png,TB
tb1096.png,TB
tb1098.png,TB
tb1099.png,TB
tb1100.png,TB
tb1102.png,TB
tb1104.png,TB
tb1105.png,TB
tb1106.png,TB
tb1107.png,TB
tb1108.png,TB
tb1112.png,TB
tb1113.png,TB
tb1114.png,TB
tb1115.png,TB
tb1116.png,TB
tb1117.png,TB
tb1120.png,TB
tb1122.png,TB
tb1123.png,TB
tb1124.png,TB
tb1126.png,TB
tb1127.png,TB
tb1129.png,TB
tb1131.png,TB
tb1132.png,TB
tb1133.png,TB
tb1134.png,TB
tb1136.png,TB
tb1137.png,TB
tb1138.png,TB
tb1139.png,TB
tb1141.png,TB
tb1143.png,TB
tb1148.png,TB
tb1150.png,TB
tb1152.png,TB
tb1154.png,TB
tb1156.png,TB
tb1157.png,TB
tb1158.png,TB
tb1160.png,TB
tb1161.png,TB
tb1162.png,TB
tb1163.png,TB
tb1165.png,TB
tb1166.png,TB
tb1167.png,TB
tb1168.png,TB
tb1170.png,TB
tb1173.png,TB
tb1174.png,TB
tb1175.png,TB
tb1177.png,TB
tb1178.png,TB
tb1179.png,TB
tb1180.png,TB
tb1181.png,TB
tb1183.png,TB
tb1185.png,TB
tb1186.png,TB
tb1188.png,TB
tb1190.png,TB
tb1191.png,TB
tb1192.png,TB
tb1194.png,TB
tb1196.png,TB
tb1197.png,TB
tb1199.png,TB
